jr002	2	ok
jr023	2	ok
jr024	2	ok
jr001	2	ok
jr025	2	ok
jr026	2	ok
jr003	2	ok
jr027	2	ok
jr028	2	ok
jr006	2	ok
jr007	2	ok
jr029	2	ok
jr045	2	ok
jr044	2	ok
jr004	2	ok
jr005	2	ok
jr046	2	ok
jr047	2	ok
jr048	2	ok
jr049	2	ok
jr008	2	ok
jr010	2	ok
jr031	2	ok
jr030	2	ok
jr032	2	ok
jr009	2	ok
jr033	2	ok
jr035	2	ok
jr034	2	ok
jr012	2	ok
jr013	2	ok
jr036	2	ok
jr011	2	ok
jr037	2	ok
jr038	2	ok
jr050	2	ok
jr014	2	ok
jr051	2	ok
jr052	2	ok
jr015	2	ok
jr053	2	ok
jr016	2	ok
jr039	2	ok
jr018	2	ok
jr040	2	ok
jr017	2	ok
jr020	2	ok
jr021	2	ok
jr043	2	ok
jr041	2	ok
jr042	2	ok
jr019	2	ok
jr054	2	ok
jr022	2	ok
jr056	2	ok
jr055	2	ok
jr057	2	ok
jr058	2	ok
jr059	2	ok
jr060	2	ok
jr061	2	ok
jr062	2	ok
jr063	2	ok
jr064	2	ok
