jb024h1	2	ok
jb024h2	2	ok
jb047h1	2	ok
jb023	2	ok
jb045	2	ok
jb047h2	2	ok
jb046	2	ok
jb025	2	ok
jb002h2	2	ok
jb002h1	2	ok
jb026h1	2	ok
jb026h2	2	ok
jb029h1	2	ok
jb049h1	2	ok
jb029h2	2	ok
jb049h2	2	ok
jb001	2	ok
jb003	2	ok
jb051h1	2	ok
jb048	2	ok
jb028	2	ok
jb051h2	2	ok
jb027	2	ok
jb050	2	ok
jb033h1	2	ok
jb033h2	2	ok
jb031	2	ok
jb052h1	2	ok
jb030	2	ok
jb052h2	2	ok
jb008h1	2	ok
jb004h2	2	ok
jb056h1	2	ok
jb053	2	ok
jb054	2	ok
jb004h1	2	ok
jb034	2	ok
jb032	2	ok
jb055	2	ok
jb035h1	2	ok
jb035h2	2	ok
jb005	2	ok
jb056h2	2	ok
jb039h1	2	ok
jb058h2	2	ok
jb058h1	2	ok
jb057	2	ok
jb037	2	ok
jb006	2	ok
jb038	2	ok
jb060h1	2	ok
jb036	2	ok
jb059	2	ok
jb007	2	ok
jb039h2	2	ok
jb060h2	2	ok
jb008h2	2	ok
jb040	2	ok
jb042	2	ok
jb041	2	ok
jb062	2	ok
jb064	2	ok
jb043	2	ok
jb044	2	ok
jb061	2	ok
jb063	2	ok
jb065	2	ok
jb066	2	ok
jb010	2	ok
jb009	2	void-incomplete
jb011	2	ok
jb012h2	2	ok
jb012h1	2	ok
jb014	2	ok
jb016	2	ok
jb018	2	ok
jb022	2	ok
jb015	2	ok
jb017	2	ok
jb020	2	ok
jb021	2	ok
jb013	2	ok
jb019	2	ok
jb009-rerun1	2	void-incomplete
jb009sh1	2	ok
jb009sh2	2	ok
